<?xml version="1.0" encoding="UTF-8"?>
<vivadoHLSLog:LogRoot xmlns:vivadoHLSLog="www.xilinx.com/vivadoHLSLog">
  <errorLogs>
    <logs>
      <synLog/>
      <simLog/>
      <mgLog/>
      <packageLog/>
      <csimLog/>
    </logs>
  </errorLogs>
  <warningLogs>
    <logs>
      <synLog>
        <logs message="WARNING: [SYN 201-107] Renaming port name 'lab1_2/out' to 'lab1_2/out_r' to avoid the conflict with HDL keywords or other object names." projectName="lab1_2" solutionName="solution2" date="2019-11-26T20:24:22.910+0300" type="Warning"/>
        <logs message="WARNING: [SYN 201-107] Renaming port name 'lab1_2/in' to 'lab1_2/in_r' to avoid the conflict with HDL keywords or other object names." projectName="lab1_2" solutionName="solution2" date="2019-11-26T20:24:22.901+0300" type="Warning"/>
        <logs message="WARNING: [SYN 201-107] Renaming port name 'lab1_2/out' to 'lab1_2/out_r' to avoid the conflict with HDL keywords or other object names." projectName="lab1_2" solutionName="solution1" date="2019-11-26T19:50:09.725+0300" type="Warning"/>
        <logs message="WARNING: [SYN 201-107] Renaming port name 'lab1_2/in' to 'lab1_2/in_r' to avoid the conflict with HDL keywords or other object names." projectName="lab1_2" solutionName="solution1" date="2019-11-26T19:50:09.716+0300" type="Warning"/>
      </synLog>
      <simLog/>
      <mgLog/>
      <packageLog/>
      <csimLog/>
    </logs>
  </warningLogs>
</vivadoHLSLog:LogRoot>
