<?xml version="1.0" encoding="utf-8"?>
<Messages>
	<Message severity="INFO" prefix="[HLS 200-10]" key="HLS_10_1312" tag="" content="Analyzing design file &apos;lab1_2.c&apos; ..."/>
	<Message severity="INFO" prefix="[HLS 200-111]" key="HLS_111_965" tag="" content="Finished Linking Time (s): cpu = 00:00:00 ; elapsed = 00:00:07 . Memory (MB): peak = 100.945 ; gain = 45.117"/>
	<Message severity="INFO" prefix="[HLS 200-111]" key="HLS_111_965" tag="" content="Finished Checking Pragmas Time (s): cpu = 00:00:00 ; elapsed = 00:00:07 . Memory (MB): peak = 100.945 ; gain = 45.117"/>
	<Message severity="INFO" prefix="[HLS 200-10]" key="HLS_10_1467" tag="" content="Starting code transformations ..."/>
	<Message severity="INFO" prefix="[HLS 200-111]" key="HLS_111_965" tag="" content="Finished Standard Transforms Time (s): cpu = 00:00:00 ; elapsed = 00:00:07 . Memory (MB): peak = 102.172 ; gain = 46.344"/>
	<Message severity="INFO" prefix="[HLS 200-10]" key="HLS_10_1472" tag="" content="Checking synthesizability ..."/>
	<Message severity="INFO" prefix="[HLS 200-111]" key="HLS_111_965" tag="" content="Finished Checking Synthesizability Time (s): cpu = 00:00:00 ; elapsed = 00:00:08 . Memory (MB): peak = 102.426 ; gain = 46.598"/>
	<Message severity="INFO" prefix="[HLS 200-111]" key="HLS_111_965" tag="" content="Finished Pre-synthesis Time (s): cpu = 00:00:00 ; elapsed = 00:00:08 . Memory (MB): peak = 123.813 ; gain = 67.984"/>
	<Message severity="INFO" prefix="[HLS 200-111]" key="HLS_111_965" tag="" content="Finished Architecture Synthesis Time (s): cpu = 00:00:00 ; elapsed = 00:00:08 . Memory (MB): peak = 123.813 ; gain = 67.984"/>
	<Message severity="INFO" prefix="[HLS 200-10]" key="HLS_10_1317" tag="" content="Starting hardware synthesis ..."/>
	<Message severity="INFO" prefix="[HLS 200-10]" key="HLS_10_1385" tag="" content="Synthesizing &apos;lab1_2&apos; ..."/>
	<Message severity="WARNING" prefix="[SYN 201-107]" key="SYN_PORT_NAME_ILLEGAL_593" tag="" content="Renaming port name &apos;lab1_2/in&apos; to &apos;lab1_2/in_r&apos; to avoid the conflict with HDL keywords or other object names."/>
	<Message severity="WARNING" prefix="[SYN 201-107]" key="SYN_PORT_NAME_ILLEGAL_593" tag="" content="Renaming port name &apos;lab1_2/out&apos; to &apos;lab1_2/out_r&apos; to avoid the conflict with HDL keywords or other object names."/>
	<Message severity="INFO" prefix="[HLS 200-10]" key="HLS_10_1477" tag="" content="----------------------------------------------------------------"/>
	<Message severity="INFO" prefix="[HLS 200-42]" key="HLS_42_1438" tag="" content="-- Implementing module &apos;lab1_2&apos;"/>
	<Message severity="INFO" prefix="[HLS 200-10]" key="HLS_10_1478" tag="" content="----------------------------------------------------------------"/>
	<Message severity="INFO" prefix="[SCHED 204-11]" key="SCHED_SCHED_STATUS_597" tag="" content="Starting scheduling ..."/>
	<Message severity="INFO" prefix="[SCHED 204-11]" key="SCHED_SCHED_STATUS_596" tag="" content="Finished scheduling."/>
	<Message severity="INFO" prefix="[HLS 200-111]" key="HLS_111_966" tag="" content=" Elapsed time: 8.053 seconds; current allocated memory: 74.544 MB."/>
	<Message severity="INFO" prefix="[HLS 200-434]" key="HLS 200-434" tag="SDX" content="Only 0 loops out of a total 1 loops have been pipelined in this design."/>
	<Message severity="INFO" prefix="[BIND 205-100]" key="BIND_100_926" tag="" content="Starting micro-architecture generation ..."/>
	<Message severity="INFO" prefix="[BIND 205-101]" key="BIND_101_698" tag="" content="Performing variable lifetime analysis."/>
	<Message severity="INFO" prefix="[BIND 205-101]" key="BIND_101_697" tag="" content="Exploring resource sharing."/>
	<Message severity="INFO" prefix="[BIND 205-101]" key="BIND_101_693" tag="" content="Binding ..."/>
	<Message severity="INFO" prefix="[BIND 205-100]" key="BIND_100_925" tag="" content="Finished micro-architecture generation."/>
	<Message severity="INFO" prefix="[HLS 200-111]" key="HLS_111_966" tag="" content=" Elapsed time: 0.112 seconds; current allocated memory: 74.659 MB."/>
	<Message severity="INFO" prefix="[HLS 200-10]" key="HLS_10_1483" tag="" content="----------------------------------------------------------------"/>
	<Message severity="INFO" prefix="[HLS 200-10]" key="HLS_10_1484" tag="" content="-- Generating RTL for module &apos;lab1_2&apos;"/>
	<Message severity="INFO" prefix="[HLS 200-10]" key="HLS_10_1485" tag="" content="----------------------------------------------------------------"/>
	<Message severity="INFO" prefix="[RTGEN 206-500]" key="PREPROC_IO_COMP_CONFLICT_1950" tag="" content="Setting interface mode on port &apos;lab1_2/in_r&apos; to &apos;ap_memory&apos;."/>
	<Message severity="INFO" prefix="[RTGEN 206-500]" key="PREPROC_IO_COMP_CONFLICT_1950" tag="" content="Setting interface mode on port &apos;lab1_2/a&apos; to &apos;ap_none&apos;."/>
	<Message severity="INFO" prefix="[RTGEN 206-500]" key="PREPROC_IO_COMP_CONFLICT_1950" tag="" content="Setting interface mode on port &apos;lab1_2/b&apos; to &apos;ap_none&apos;."/>
	<Message severity="INFO" prefix="[RTGEN 206-500]" key="PREPROC_IO_COMP_CONFLICT_1950" tag="" content="Setting interface mode on port &apos;lab1_2/c&apos; to &apos;ap_none&apos;."/>
	<Message severity="INFO" prefix="[RTGEN 206-500]" key="PREPROC_IO_COMP_CONFLICT_1950" tag="" content="Setting interface mode on port &apos;lab1_2/out_r&apos; to &apos;ap_memory&apos;."/>
	<Message severity="INFO" prefix="[RTGEN 206-500]" key="PREPROC_IO_COMP_CONFLICT_1950" tag="" content="Setting interface mode on function &apos;lab1_2&apos; to &apos;ap_ctrl_hs&apos;."/>
	<Message severity="INFO" prefix="[SYN 201-210]" key="SYN_210_889" tag="" content="Renamed object name &apos;lab1_2_mul_32s_8s_32_3_1&apos; to &apos;lab1_2_mul_32s_8sbkb&apos; due to the length limit 20"/>
	<Message severity="INFO" prefix="[RTGEN 206-100]" key="RTGEN_100_855" tag="" content="Generating core module &apos;lab1_2_mul_32s_8sbkb&apos;: 1 instance(s)."/>
	<Message severity="INFO" prefix="[RTGEN 206-100]" key="RTGEN_100_856" tag="" content="Finished creating RTL model for &apos;lab1_2&apos;."/>
	<Message severity="INFO" prefix="[HLS 200-111]" key="HLS_111_966" tag="" content=" Elapsed time: 0.234 seconds; current allocated memory: 74.909 MB."/>
	<Message severity="INFO" prefix="[RTMG 210-282]" key="RTMG_282_1796" tag="" content="Generating pipelined core: &apos;lab1_2_mul_32s_8sbkb_MulnS_0&apos;"/>
	<Message severity="INFO" prefix="[HLS 200-111]" key="HLS_111_965" tag="" content="Finished generating all RTL models Time (s): cpu = 00:00:01 ; elapsed = 00:00:09 . Memory (MB): peak = 123.813 ; gain = 67.984"/>
	<Message severity="INFO" prefix="[SYSC 207-301]" key="SYSC_301_1065" tag="" content="Generating SystemC RTL for lab1_2."/>
	<Message severity="INFO" prefix="[VHDL 208-304]" key="VHDL_304_1066" tag="" content="Generating VHDL RTL for lab1_2."/>
	<Message severity="INFO" prefix="[VLOG 209-307]" key="VLOG_307_1067" tag="" content="Generating Verilog RTL for lab1_2."/>
	<Message severity="INFO" prefix="[HLS 200-112]" key="HLS_112_964" tag="" content="Total elapsed time: 9.544 seconds; peak allocated memory: 74.909 MB."/>
</Messages>
