<annotationInfo>
<annotationInfo>
<item  id="15" filename="lab1_2.c" linenumber="5" name="tmp" contextFuncName="lab1_2" moduleName="lab1_2" rtlName="tmp_fu_85_p1" latency="0" BRAM="-1" DSP="-1" FF="-1" LUT="-1" fileDirectory="D:\10Semester\vivado\lab1_z2\source"><\/item>
<item  id="16" filename="lab1_2.c" linenumber="5" name="tmp_1_cast" contextFuncName="lab1_2" moduleName="lab1_2" rtlName="tmp_1_cast_fu_89_p1" latency="0" BRAM="-1" DSP="-1" FF="-1" LUT="-1" fileDirectory="D:\10Semester\vivado\lab1_z2\source"><\/item>
<item  id="17" filename="lab1_2.c" linenumber="3" name="tmp_2_cast" contextFuncName="lab1_2" moduleName="lab1_2" rtlName="tmp_2_cast_fu_93_p1" latency="0" BRAM="-1" DSP="-1" FF="-1" LUT="-1" fileDirectory="D:\10Semester\vivado\lab1_z2\source"><\/item>
<item  id="18" filename="lab1_2.c" linenumber="5" name="tmp1" contextFuncName="lab1_2" moduleName="lab1_2" rtlName="tmp1_fu_97_p2" latency="0" BRAM="-1" DSP="-1" FF="0" LUT="16" fileDirectory="D:\10Semester\vivado\lab1_z2\source"><\/item>
<item  id="19" filename="lab1_2.c" linenumber="5" name="tmp1_cast" contextFuncName="lab1_2" moduleName="lab1_2" rtlName="tmp1_cast_fu_103_p1" latency="0" BRAM="-1" DSP="-1" FF="-1" LUT="-1" fileDirectory="D:\10Semester\vivado\lab1_z2\source"><\/item>
<item  id="23" filename="lab1_2.c" linenumber="3" name="exitcond" contextFuncName="lab1_2" moduleName="lab1_2" rtlName="exitcond_fu_107_p2" latency="0" BRAM="-1" DSP="-1" FF="0" LUT="8" fileDirectory="D:\10Semester\vivado\lab1_z2\source"><\/item>
<item  id="25" filename="lab1_2.c" linenumber="3" name="i_1" contextFuncName="lab1_2" moduleName="lab1_2" rtlName="i_1_fu_113_p2" latency="0" BRAM="-1" DSP="-1" FF="0" LUT="10" fileDirectory="D:\10Semester\vivado\lab1_z2\source"><\/item>
<item  id="28" filename="lab1_2.c" linenumber="4" name="tmp_3" contextFuncName="lab1_2" moduleName="lab1_2" rtlName="tmp_3_fu_119_p1" latency="0" BRAM="-1" DSP="-1" FF="-1" LUT="-1" fileDirectory="D:\10Semester\vivado\lab1_z2\source"><\/item>
<item  id="31" filename="lab1_2.c" linenumber="5" name="tmp_4" contextFuncName="lab1_2" moduleName="lab1_2" rtlName="lab1_2_mul_32s_8sbkb_U1" latency="2" BRAM="-1" DSP="-1" FF="-1" LUT="-1" fileDirectory="D:\10Semester\vivado\lab1_z2\source"><\/item>
<item  id="32" filename="lab1_2.c" linenumber="5" name="y" contextFuncName="lab1_2" moduleName="lab1_2" rtlName="out_r_d0" latency="0" BRAM="-1" DSP="-1" FF="0" LUT="39" fileDirectory="D:\10Semester\vivado\lab1_z2\source"><\/item>
<\/annotationInfo>
</annotationInfo>
