<profile>

<section name = "Vivado HLS Report for 'lab1_2'" level="0">
<item name = "Date">Tue Nov 26 19:50:10 2019
</item>
<item name = "Version">2018.2 (Build 2258646 on Thu Jun 14 20:25:20 MDT 2018)</item>
<item name = "Project">lab1_2</item>
<item name = "Solution">solution1</item>
<item name = "Product family">aartix7</item>
<item name = "Target device">xa7a12tcsg325-1q</item>
</section>

<section name = "Performance Estimates" level="0">
<item name = "Timing (ns)">
<section name = "" level="1">
<item name = "Target clock period (ns)">6.00</item>
<item name = "Clock uncertainty (ns)">0.10</item>
<item name = "Estimated clock period (ns)">5.690</item>
</section>
</item>
<item name = "Latency (clock cycles)">
<section name = "" level="1">
<item name = "Summary"><table name="" hasTotal="0">
<keys size="6">, min, max, min, max, Type</keys>
<column name="">19, 19, 19, 19, none</column>
</table>
</item>
<item name = "Detail">
<section name = "" level="1">
<item name = "Instance"><table name="" hasTotal="0">
<keys size="7">Instance, Module, min, max, min, max, Type</keys>
</table>
</item>
<item name = "Loop"><table name="" hasTotal="0">
<keys size="8">Loop Name, min, max, Latency, achieved, target, Count, Pipelined</keys>
<column name="- Loop 1">18, 18, 6, -, -, 3, no</column>
</table>
</item>
</section>
</item>
</section>
</item>
</section>

<section name = "Utilization Estimates" level="0">
<item name = "Summary"><table name="" hasTotal="1">
<keys size="5">Name, BRAM_18K, DSP48E, FF, LUT</keys>
<column name="DSP">-, -, -, -</column>
<column name="Expression">-, -, 0, 73</column>
<column name="FIFO">-, -, -, -</column>
<column name="Instance">-, 4, 166, 49</column>
<column name="Memory">-, -, -, -</column>
<column name="Multiplexer">-, -, -, 50</column>
<column name="Register">-, -, 141, -</column>
<specialColumn name="Available">40, 40, 16000, 8000</specialColumn>
<specialColumn name="Utilization (%)">0, 10, 1, 2</specialColumn>
</table>
</item>
<item name = "Detail">
<section name = "" level="1">
<item name = "Instance"><table name="" hasTotal="1">
<keys size="6">Instance, Module, BRAM_18K, DSP48E, FF, LUT</keys>
<column name="lab1_2_mul_32s_8sbkb_U1">lab1_2_mul_32s_8sbkb, 0, 4, 166, 49</column>
</table>
</item>
<item name = "DSP48"><table name="" hasTotal="0">
<keys size="3">Instance, Module, Expression</keys>
</table>
</item>
<item name = "Memory"><table name="" hasTotal="1">
<keys size="9">Memory, Module, BRAM_18K, FF, LUT, Words, Bits, Banks, W*Bits*Banks</keys>
</table>
</item>
<item name = "FIFO"><table name="" hasTotal="1">
<keys size="7">Name, BRAM_18K, FF, LUT, Depth, Bits, Size:D*B</keys>
</table>
</item>
<item name = "Expression"><table name="" hasTotal="1">
<keys size="7">Variable Name, Operation, DSP48E, FF, LUT, Bitwidth P0, Bitwidth P1</keys>
<column name="i_1_fu_113_p2">+, 0, 0, 10, 2, 1</column>
<column name="out_r_d0">+, 0, 0, 39, 32, 32</column>
<column name="tmp1_fu_97_p2">+, 0, 0, 16, 9, 9</column>
<column name="exitcond_fu_107_p2">icmp, 0, 0, 8, 2, 2</column>
</table>
</item>
<item name = "Multiplexer"><table name="" hasTotal="1">
<keys size="5">Name, LUT, Input Size, Bits, Total Bits</keys>
<column name="ap_NS_fsm">41, 8, 1, 8</column>
<column name="i_reg_74">9, 2, 2, 4</column>
</table>
</item>
<item name = "Register"><table name="" hasTotal="1">
<keys size="5">Name, FF, LUT, Bits, Const Bits</keys>
<column name="ap_CS_fsm">7, 0, 7, 0</column>
<column name="i_1_reg_146">2, 0, 2, 0</column>
<column name="i_reg_74">2, 0, 2, 0</column>
<column name="tmp1_cast_reg_138">32, 0, 32, 0</column>
<column name="tmp_3_reg_151">2, 0, 64, 62</column>
<column name="tmp_4_reg_166">32, 0, 32, 0</column>
<column name="tmp_reg_133">32, 0, 32, 0</column>
<column name="x_reg_161">32, 0, 32, 0</column>
</table>
</item>
</section>
</item>
</section>

<section name = "Interface" level="0">
<item name = "Summary"><table name="" hasTotal="0">
<keys size="6">RTL Ports, Dir, Bits, Protocol, Source Object, C Type</keys>
<column name="ap_clk">in, 1, ap_ctrl_hs, lab1_2, return value</column>
<column name="ap_rst">in, 1, ap_ctrl_hs, lab1_2, return value</column>
<column name="ap_start">in, 1, ap_ctrl_hs, lab1_2, return value</column>
<column name="ap_done">out, 1, ap_ctrl_hs, lab1_2, return value</column>
<column name="ap_idle">out, 1, ap_ctrl_hs, lab1_2, return value</column>
<column name="ap_ready">out, 1, ap_ctrl_hs, lab1_2, return value</column>
<column name="in_r_address0">out, 2, ap_memory, in_r, array</column>
<column name="in_r_ce0">out, 1, ap_memory, in_r, array</column>
<column name="in_r_q0">in, 32, ap_memory, in_r, array</column>
<column name="a">in, 8, ap_none, a, scalar</column>
<column name="b">in, 8, ap_none, b, scalar</column>
<column name="c">in, 8, ap_none, c, scalar</column>
<column name="out_r_address0">out, 2, ap_memory, out_r, array</column>
<column name="out_r_ce0">out, 1, ap_memory, out_r, array</column>
<column name="out_r_we0">out, 1, ap_memory, out_r, array</column>
<column name="out_r_d0">out, 32, ap_memory, out_r, array</column>
</table>
</item>
</section>

<section name = "Critical Path" level="0">
<item name = "Max Delay">5.69</item>
<item name = "Critical Path Table"><table name="Critical Path Table" hasTotal="0">
<keys size="15">Name, Operator, Delay, Accumulated Delay, Store Source, Resource, Core, Interface, Type, Port, Array, Scope, Pointer, Callee, Phi Node</keys>
<column name="'tmp_4', lab1_2.c:5">mul, 5.69, 5.69, -, -, -, -, -, -, -, -, -, -, -</column>
</table>
</item>
</section>
</profile>
