<stg><name>lab1_2</name>


<trans_list>

<trans id="40" from="1" to="2">
<condition id="12">
<or_exp><and_exp></and_exp></or_exp>
</condition>
</trans>

<trans id="41" from="2" to="3">
<condition id="13">
<or_exp><and_exp><literal name="exitcond" val="0"/>
</and_exp></or_exp>
</condition>
</trans>

<trans id="43" from="3" to="4">
<condition id="15">
<or_exp><and_exp></and_exp></or_exp>
</condition>
</trans>

<trans id="44" from="4" to="5">
<condition id="16">
<or_exp><and_exp></and_exp></or_exp>
</condition>
</trans>

<trans id="45" from="5" to="6">
<condition id="17">
<or_exp><and_exp></and_exp></or_exp>
</condition>
</trans>

<trans id="46" from="6" to="7">
<condition id="18">
<or_exp><and_exp></and_exp></or_exp>
</condition>
</trans>

<trans id="47" from="7" to="2">
<condition id="20">
<or_exp><and_exp></and_exp></or_exp>
</condition>
</trans>
</trans_list>



<state_list>

<state id="1" st_id="1">

<operation id="8" st_id="1" stage="1" lat="1">
<core>NULL</core>
<MemPortIdVec></MemPortIdVec>
<condition id="0">
<or_exp><and_exp></and_exp></or_exp>
</condition>

<Node id="6" bw="0" op_0_bw="0" op_1_bw="32">
<![CDATA[
:0  call void (...)* @_ssdm_op_SpecBitsMap([3 x i32]* %in_r) nounwind, !map !7

]]></Node>
<StgValue><ssdm name=""/></StgValue>
</operation>

<operation id="9" st_id="1" stage="1" lat="1">
<core>NULL</core>
<MemPortIdVec></MemPortIdVec>
<condition id="0">
<or_exp><and_exp></and_exp></or_exp>
</condition>

<Node id="7" bw="0" op_0_bw="0" op_1_bw="8">
<![CDATA[
:1  call void (...)* @_ssdm_op_SpecBitsMap(i8 %a) nounwind, !map !13

]]></Node>
<StgValue><ssdm name=""/></StgValue>
</operation>

<operation id="10" st_id="1" stage="1" lat="1">
<core>NULL</core>
<MemPortIdVec></MemPortIdVec>
<condition id="0">
<or_exp><and_exp></and_exp></or_exp>
</condition>

<Node id="8" bw="0" op_0_bw="0" op_1_bw="8">
<![CDATA[
:2  call void (...)* @_ssdm_op_SpecBitsMap(i8 %b) nounwind, !map !19

]]></Node>
<StgValue><ssdm name=""/></StgValue>
</operation>

<operation id="11" st_id="1" stage="1" lat="1">
<core>NULL</core>
<MemPortIdVec></MemPortIdVec>
<condition id="0">
<or_exp><and_exp></and_exp></or_exp>
</condition>

<Node id="9" bw="0" op_0_bw="0" op_1_bw="8">
<![CDATA[
:3  call void (...)* @_ssdm_op_SpecBitsMap(i8 %c) nounwind, !map !23

]]></Node>
<StgValue><ssdm name=""/></StgValue>
</operation>

<operation id="12" st_id="1" stage="1" lat="1">
<core>NULL</core>
<MemPortIdVec></MemPortIdVec>
<condition id="0">
<or_exp><and_exp></and_exp></or_exp>
</condition>

<Node id="10" bw="0" op_0_bw="0" op_1_bw="32">
<![CDATA[
:4  call void (...)* @_ssdm_op_SpecBitsMap([3 x i32]* %out_r) nounwind, !map !27

]]></Node>
<StgValue><ssdm name=""/></StgValue>
</operation>

<operation id="13" st_id="1" stage="1" lat="1">
<core>NULL</core>
<MemPortIdVec></MemPortIdVec>
<condition id="0">
<or_exp><and_exp></and_exp></or_exp>
</condition>

<Node id="11" bw="0" op_0_bw="0" op_1_bw="0">
<![CDATA[
:5  call void (...)* @_ssdm_op_SpecTopModule([7 x i8]* @lab1_2_str) nounwind

]]></Node>
<StgValue><ssdm name=""/></StgValue>
</operation>

<operation id="14" st_id="1" stage="1" lat="1">
<core>NULL</core>
<MemPortIdVec></MemPortIdVec>
<condition id="0">
<or_exp><and_exp></and_exp></or_exp>
</condition>

<Node id="12" bw="8" op_0_bw="8" op_1_bw="8">
<![CDATA[
:6  %c_read = call i8 @_ssdm_op_Read.ap_auto.i8(i8 %c) nounwind

]]></Node>
<StgValue><ssdm name="c_read"/></StgValue>
</operation>

<operation id="15" st_id="1" stage="1" lat="1">
<core>NULL</core>
<MemPortIdVec></MemPortIdVec>
<condition id="0">
<or_exp><and_exp></and_exp></or_exp>
</condition>

<Node id="13" bw="8" op_0_bw="8" op_1_bw="8">
<![CDATA[
:7  %b_read = call i8 @_ssdm_op_Read.ap_auto.i8(i8 %b) nounwind

]]></Node>
<StgValue><ssdm name="b_read"/></StgValue>
</operation>

<operation id="16" st_id="1" stage="1" lat="1">
<core>NULL</core>
<MemPortIdVec></MemPortIdVec>
<condition id="0">
<or_exp><and_exp></and_exp></or_exp>
</condition>

<Node id="14" bw="8" op_0_bw="8" op_1_bw="8">
<![CDATA[
:8  %a_read = call i8 @_ssdm_op_Read.ap_auto.i8(i8 %a) nounwind

]]></Node>
<StgValue><ssdm name="a_read"/></StgValue>
</operation>

<operation id="17" st_id="1" stage="1" lat="1">
<core>NULL</core>
<MemPortIdVec></MemPortIdVec>
<condition id="0">
<or_exp><and_exp></and_exp></or_exp>
</condition>

<Node id="15" bw="32" op_0_bw="8">
<![CDATA[
:9  %tmp = sext i8 %a_read to i32

]]></Node>
<StgValue><ssdm name="tmp"/></StgValue>
</operation>

<operation id="18" st_id="1" stage="1" lat="1">
<core>NULL</core>
<MemPortIdVec></MemPortIdVec>
<condition id="0">
<or_exp><and_exp></and_exp></or_exp>
</condition>

<Node id="16" bw="9" op_0_bw="8">
<![CDATA[
:10  %tmp_1_cast = sext i8 %b_read to i9

]]></Node>
<StgValue><ssdm name="tmp_1_cast"/></StgValue>
</operation>

<operation id="19" st_id="1" stage="1" lat="1">
<core>NULL</core>
<MemPortIdVec></MemPortIdVec>
<condition id="0">
<or_exp><and_exp></and_exp></or_exp>
</condition>

<Node id="17" bw="9" op_0_bw="8">
<![CDATA[
:11  %tmp_2_cast = sext i8 %c_read to i9

]]></Node>
<StgValue><ssdm name="tmp_2_cast"/></StgValue>
</operation>

<operation id="20" st_id="1" stage="1" lat="1">
<core>AddSub</core>
<MemPortIdVec></MemPortIdVec>
<condition id="0">
<or_exp><and_exp></and_exp></or_exp>
</condition>

<Node id="18" bw="9" op_0_bw="9" op_1_bw="9">
<![CDATA[
:12  %tmp1 = add i9 %tmp_1_cast, %tmp_2_cast

]]></Node>
<StgValue><ssdm name="tmp1"/></StgValue>
</operation>

<operation id="21" st_id="1" stage="1" lat="1">
<core>NULL</core>
<MemPortIdVec></MemPortIdVec>
<condition id="0">
<or_exp><and_exp></and_exp></or_exp>
</condition>

<Node id="19" bw="32" op_0_bw="9">
<![CDATA[
:13  %tmp1_cast = sext i9 %tmp1 to i32

]]></Node>
<StgValue><ssdm name="tmp1_cast"/></StgValue>
</operation>

<operation id="22" st_id="1" stage="1" lat="1">
<core>NULL</core>
<MemPortIdVec></MemPortIdVec>
<condition id="0">
<or_exp><and_exp></and_exp></or_exp>
</condition>

<Node id="20" bw="0" op_0_bw="0">
<![CDATA[
:14  br label %1

]]></Node>
<StgValue><ssdm name=""/></StgValue>
</operation>
</state>

<state id="2" st_id="2">

<operation id="23" st_id="2" stage="1" lat="1">
<core>NULL</core>
<MemPortIdVec></MemPortIdVec>
<condition id="1">
<or_exp><and_exp></and_exp></or_exp>
</condition>

<Node id="22" bw="2" op_0_bw="2" op_1_bw="0">
<![CDATA[
:0  %i = phi i2 [ 0, %0 ], [ %i_1, %2 ]

]]></Node>
<StgValue><ssdm name="i"/></StgValue>
</operation>

<operation id="24" st_id="2" stage="1" lat="1">
<core>Cmp</core>
<MemPortIdVec></MemPortIdVec>
<condition id="1">
<or_exp><and_exp></and_exp></or_exp>
</condition>

<Node id="23" bw="1" op_0_bw="2" op_1_bw="2">
<![CDATA[
:1  %exitcond = icmp eq i2 %i, -1

]]></Node>
<StgValue><ssdm name="exitcond"/></StgValue>
</operation>

<operation id="25" st_id="2" stage="1" lat="1">
<core>NULL</core>
<MemPortIdVec></MemPortIdVec>
<condition id="1">
<or_exp><and_exp></and_exp></or_exp>
</condition>

<Node id="24" bw="32" op_0_bw="32" op_1_bw="64" op_2_bw="64" op_3_bw="64">
<![CDATA[
:2  %empty = call i32 (...)* @_ssdm_op_SpecLoopTripCount(i64 3, i64 3, i64 3) nounwind

]]></Node>
<StgValue><ssdm name="empty"/></StgValue>
</operation>

<operation id="26" st_id="2" stage="1" lat="1">
<core>AddSub</core>
<MemPortIdVec></MemPortIdVec>
<condition id="1">
<or_exp><and_exp></and_exp></or_exp>
</condition>

<Node id="25" bw="2" op_0_bw="2" op_1_bw="2">
<![CDATA[
:3  %i_1 = add i2 %i, 1

]]></Node>
<StgValue><ssdm name="i_1"/></StgValue>
</operation>

<operation id="27" st_id="2" stage="1" lat="1">
<core>NULL</core>
<MemPortIdVec></MemPortIdVec>
<condition id="1">
<or_exp><and_exp></and_exp></or_exp>
</condition>

<Node id="26" bw="0" op_0_bw="1" op_1_bw="0" op_2_bw="0">
<![CDATA[
:4  br i1 %exitcond, label %3, label %2

]]></Node>
<StgValue><ssdm name=""/></StgValue>
</operation>

<operation id="28" st_id="2" stage="1" lat="1">
<core>NULL</core>
<MemPortIdVec></MemPortIdVec>
<condition id="3">
<or_exp><and_exp><literal name="exitcond" val="0"/>
</and_exp></or_exp>
</condition>

<Node id="28" bw="64" op_0_bw="2">
<![CDATA[
:0  %tmp_3 = zext i2 %i to i64

]]></Node>
<StgValue><ssdm name="tmp_3"/></StgValue>
</operation>

<operation id="29" st_id="2" stage="1" lat="1">
<core>NULL</core>
<MemPortIdVec></MemPortIdVec>
<condition id="3">
<or_exp><and_exp><literal name="exitcond" val="0"/>
</and_exp></or_exp>
</condition>

<Node id="29" bw="2" op_0_bw="32" op_1_bw="64" op_2_bw="64">
<![CDATA[
:1  %in_addr = getelementptr [3 x i32]* %in_r, i64 0, i64 %tmp_3

]]></Node>
<StgValue><ssdm name="in_addr"/></StgValue>
</operation>

<operation id="30" st_id="2" stage="2" lat="2">
<core>RAM</core>
<MemPortIdVec></MemPortIdVec>
<condition id="3">
<or_exp><and_exp><literal name="exitcond" val="0"/>
</and_exp></or_exp>
</condition>

<Node id="30" bw="32" op_0_bw="2">
<![CDATA[
:2  %x = load i32* %in_addr, align 4

]]></Node>
<StgValue><ssdm name="x"/></StgValue>
</operation>

<operation id="31" st_id="2" stage="1" lat="1">
<core>NULL</core>
<MemPortIdVec></MemPortIdVec>
<condition id="5">
<or_exp><and_exp><literal name="exitcond" val="1"/>
</and_exp></or_exp>
</condition>

<Node id="37" bw="0">
<![CDATA[
:0  ret void

]]></Node>
<StgValue><ssdm name=""/></StgValue>
</operation>
</state>

<state id="3" st_id="3">

<operation id="32" st_id="3" stage="1" lat="2">
<core>RAM</core>
<MemPortIdVec></MemPortIdVec>
<condition id="6">
<or_exp><and_exp></and_exp></or_exp>
</condition>

<Node id="30" bw="32" op_0_bw="2">
<![CDATA[
:2  %x = load i32* %in_addr, align 4

]]></Node>
<StgValue><ssdm name="x"/></StgValue>
</operation>
</state>

<state id="4" st_id="4">

<operation id="33" st_id="4" stage="3" lat="3">
<core>MulnS</core>
<MemPortIdVec></MemPortIdVec>
<condition id="7">
<or_exp><and_exp></and_exp></or_exp>
</condition>

<Node id="31" bw="32" op_0_bw="32" op_1_bw="32">
<![CDATA[
:3  %tmp_4 = mul nsw i32 %x, %tmp

]]></Node>
<StgValue><ssdm name="tmp_4"/></StgValue>
</operation>
</state>

<state id="5" st_id="5">

<operation id="34" st_id="5" stage="2" lat="3">
<core>MulnS</core>
<MemPortIdVec></MemPortIdVec>
<condition id="8">
<or_exp><and_exp></and_exp></or_exp>
</condition>

<Node id="31" bw="32" op_0_bw="32" op_1_bw="32">
<![CDATA[
:3  %tmp_4 = mul nsw i32 %x, %tmp

]]></Node>
<StgValue><ssdm name="tmp_4"/></StgValue>
</operation>
</state>

<state id="6" st_id="6">

<operation id="35" st_id="6" stage="1" lat="3">
<core>MulnS</core>
<MemPortIdVec></MemPortIdVec>
<condition id="9">
<or_exp><and_exp></and_exp></or_exp>
</condition>

<Node id="31" bw="32" op_0_bw="32" op_1_bw="32">
<![CDATA[
:3  %tmp_4 = mul nsw i32 %x, %tmp

]]></Node>
<StgValue><ssdm name="tmp_4"/></StgValue>
</operation>
</state>

<state id="7" st_id="7">

<operation id="36" st_id="7" stage="1" lat="1">
<core>AddSub</core>
<MemPortIdVec></MemPortIdVec>
<condition id="10">
<or_exp><and_exp></and_exp></or_exp>
</condition>

<Node id="32" bw="32" op_0_bw="32" op_1_bw="32">
<![CDATA[
:4  %y = add i32 %tmp1_cast, %tmp_4

]]></Node>
<StgValue><ssdm name="y"/></StgValue>
</operation>

<operation id="37" st_id="7" stage="1" lat="1">
<core>NULL</core>
<MemPortIdVec></MemPortIdVec>
<condition id="10">
<or_exp><and_exp></and_exp></or_exp>
</condition>

<Node id="33" bw="2" op_0_bw="32" op_1_bw="64" op_2_bw="64">
<![CDATA[
:5  %out_addr = getelementptr [3 x i32]* %out_r, i64 0, i64 %tmp_3

]]></Node>
<StgValue><ssdm name="out_addr"/></StgValue>
</operation>

<operation id="38" st_id="7" stage="1" lat="1">
<core>RAM</core>
<MemPortIdVec></MemPortIdVec>
<condition id="10">
<or_exp><and_exp></and_exp></or_exp>
</condition>

<Node id="34" bw="0" op_0_bw="32" op_1_bw="2">
<![CDATA[
:6  store i32 %y, i32* %out_addr, align 4

]]></Node>
<StgValue><ssdm name=""/></StgValue>
</operation>

<operation id="39" st_id="7" stage="1" lat="1">
<core>NULL</core>
<MemPortIdVec></MemPortIdVec>
<condition id="10">
<or_exp><and_exp></and_exp></or_exp>
</condition>

<Node id="35" bw="0" op_0_bw="0">
<![CDATA[
:7  br label %1

]]></Node>
<StgValue><ssdm name=""/></StgValue>
</operation>
</state>
</state_list>


<ports>
</ports>


<dataflows>
</dataflows>


</stg>
