{
  "Top": "lab1_1",
  "RtlTop": "lab1_1",
  "RtlPrefix": "",
  "SourceLanguage": "c",
  "ResetStyle": "control",
  "GenerateBdFiles": "0",
  "HostMachineBits": "64",
  "Target": {
    "Family": "aartix7",
    "Device": "xa7a12t",
    "Package": "csg325",
    "Speed": "-1q"
  },
  "HlsSolution": {
    
  },
  "ClockInfo": {
    "ClockName": "ap_clk",
    "ClockPeriod": "8",
    "IsCombLogic": "1",
    "II": "x",
    "Latency": "0",
    "Uncertainty": "0.1"
  },
  "Xdc": {
    
  },
  "Ipx": {
    "Vendor": "xilinx.com",
    "Library": "hls",
    "Name": "lab1_1",
    "Version": "1.0",
    "DisplayName": "Lab1_1",
    "Revision": "",
    "Description": "An IP generated by Vivado HLS",
    "Taxonomy": "\/VIVADO_HLS_IP"
  },
  "Files": {
    "CSource": ["..\/..\/lab1_1.c"],
    "Vhdl": [
      "impl\/vhdl\/lab1_1_mac_muladdbkb.vhd",
      "impl\/vhdl\/lab1_1.vhd"
    ],
    "Verilog": [
      "impl\/verilog\/lab1_1_mac_muladdbkb.v",
      "impl\/verilog\/lab1_1.v"
    ],
    "Misc": ["impl\/misc\/logo.png"]
  },
  "SubcoreInfo": {
    "HasXpmMemory": false,
    "HasClockedDsp": false,
    "IP": []
  },
  "Interfaces": {
    "a": {
      "type": "data",
      "dir": "in",
      "width": "8",
      "ctype": {"DATA": {
          "Type": "integer signed",
          "Width": "8"
        }}
    },
    "ap_ctrl": {
      "type": "ap_ctrl",
      "ctrl_ports": "ap_start ap_done ap_idle ap_ready",
      "ctype": {
        "start": {"Type": "bool"},
        "done": {"Type": "bool"},
        "idle": {"Type": "bool"},
        "ready": {"Type": "bool"}
      }
    },
    "ap_return": {
      "type": "data",
      "dir": "out",
      "width": "32",
      "ctype": {"DATA": {
          "Type": "integer signed",
          "Width": "32"
        }}
    },
    "b": {
      "type": "data",
      "dir": "in",
      "width": "8",
      "ctype": {"DATA": {
          "Type": "integer signed",
          "Width": "8"
        }}
    },
    "c": {
      "type": "data",
      "dir": "in",
      "width": "8",
      "ctype": {"DATA": {
          "Type": "integer signed",
          "Width": "8"
        }}
    },
    "d": {
      "type": "data",
      "dir": "in",
      "width": "8",
      "ctype": {"DATA": {
          "Type": "integer signed",
          "Width": "8"
        }}
    }
  },
  "RtlPorts": {
    "ap_start": {
      "dir": "in",
      "width": "1"
    },
    "ap_done": {
      "dir": "out",
      "width": "1"
    },
    "ap_idle": {
      "dir": "out",
      "width": "1"
    },
    "ap_ready": {
      "dir": "out",
      "width": "1"
    },
    "ap_return": {
      "dir": "out",
      "width": "32"
    },
    "a": {
      "dir": "in",
      "width": "8"
    },
    "b": {
      "dir": "in",
      "width": "8"
    },
    "c": {
      "dir": "in",
      "width": "8"
    },
    "d": {
      "dir": "in",
      "width": "8"
    }
  },
  "CPorts": {
    "ap_ctrl": {
      "interfaceRef": "ap_ctrl",
      "dir": "out"
    },
    "ap_return": {
      "interfaceRef": "ap_return",
      "dir": "out",
      "dataWidth": "32"
    },
    "a": {
      "interfaceRef": "a",
      "dir": "in",
      "dataWidth": "8",
      "handshakeRef": "ap_none"
    },
    "b": {
      "interfaceRef": "b",
      "dir": "in",
      "dataWidth": "8",
      "handshakeRef": "ap_none"
    },
    "c": {
      "interfaceRef": "c",
      "dir": "in",
      "dataWidth": "8",
      "handshakeRef": "ap_none"
    },
    "d": {
      "interfaceRef": "d",
      "dir": "in",
      "dataWidth": "8",
      "handshakeRef": "ap_none"
    }
  },
  "ModuleInfo": {
    "Hierarchy": {"ModuleName": "lab1_1"},
    "Metrics": {"lab1_1": {
        "Latency": {
          "LatencyBest": "0",
          "LatencyAvg": "0",
          "LatencyWorst": "0",
          "PipelineII": "1",
          "PipelineDepth": "",
          "PipelineType": "none"
        },
        "Timing": {
          "Target": "8.00",
          "Uncertainty": "0.10",
          "Estimate": "7.180"
        },
        "Area": {
          "DSP48E": "1",
          "FF": "0",
          "LUT": "16",
          "BRAM_18K": "0"
        }
      }}
  },
  "Sdx": {
    "Target": "none",
    "ProfileOption": "0",
    "ProfileType": "none"
  },
  "GenData": {
    "DataVersion": "0.1",
    "Time": "2019-11-26 18:51:04 +0300",
    "ToolName": "vivado_hls",
    "ToolVersion": "2018.2"
  }
}
