{
  "Top": "lab1_2",
  "RtlTop": "lab1_2",
  "RtlPrefix": "",
  "SourceLanguage": "c",
  "ResetStyle": "control",
  "GenerateBdFiles": "0",
  "HostMachineBits": "64",
  "Target": {
    "Family": "aartix7",
    "Device": "xa7a12t",
    "Package": "csg325",
    "Speed": "-1q"
  },
  "HlsSolution": {
    
  },
  "ClockInfo": {
    "ClockName": "ap_clk",
    "ClockPeriod": "10",
    "IsCombLogic": "0",
    "II": "x",
    "Latency": "13",
    "Uncertainty": "0.1"
  },
  "Xdc": {"OocClocks": ["create_clock -name ap_clk -period 10.000 [get_ports ap_clk]"]},
  "Ipx": {
    "Vendor": "xilinx.com",
    "Library": "hls",
    "Name": "lab1_2",
    "Version": "1.0",
    "DisplayName": "Lab1_2",
    "Revision": "",
    "Description": "An IP generated by Vivado HLS",
    "Taxonomy": "\/VIVADO_HLS_IP"
  },
  "Files": {
    "CSource": ["..\/..\/lab1_2.c"],
    "Vhdl": ["impl\/vhdl\/lab1_2.vhd"],
    "Verilog": ["impl\/verilog\/lab1_2.v"],
    "Misc": ["impl\/misc\/logo.png"]
  },
  "SubcoreInfo": {
    "HasXpmMemory": false,
    "HasClockedDsp": false,
    "IP": []
  },
  "Interfaces": {
    "a": {
      "type": "data",
      "dir": "in",
      "width": "8",
      "ctype": {"DATA": {
          "Type": "integer signed",
          "Width": "8"
        }}
    },
    "ap_clk": {
      "type": "clock",
      "ctype": {"CLK": {"Type": "bool"}},
      "reset": "ap_rst"
    },
    "ap_ctrl": {
      "type": "ap_ctrl",
      "ctrl_ports": "ap_start ap_done ap_idle ap_ready",
      "ctype": {
        "start": {"Type": "bool"},
        "done": {"Type": "bool"},
        "idle": {"Type": "bool"},
        "ready": {"Type": "bool"}
      }
    },
    "ap_rst": {
      "type": "reset",
      "polarity": "ACTIVE_HIGH",
      "ctype": {"RST": {"Type": "bool"}}
    },
    "b": {
      "type": "data",
      "dir": "in",
      "width": "8",
      "ctype": {"DATA": {
          "Type": "integer signed",
          "Width": "8"
        }}
    },
    "c": {
      "type": "data",
      "dir": "in",
      "width": "8",
      "ctype": {"DATA": {
          "Type": "integer signed",
          "Width": "8"
        }}
    },
    "in_r_address0": {
      "type": "data",
      "dir": "out",
      "width": "2",
      "ctype": {"DATA": {
          "Type": "null",
          "Width": "2"
        }}
    },
    "in_r_q0": {
      "type": "data",
      "dir": "in",
      "width": "32",
      "ctype": {"DATA": {
          "Type": "integer signed",
          "Width": "32"
        }}
    },
    "out_r_address0": {
      "type": "data",
      "dir": "out",
      "width": "2",
      "ctype": {"DATA": {
          "Type": "null",
          "Width": "2"
        }}
    },
    "out_r_d0": {
      "type": "data",
      "dir": "out",
      "width": "32",
      "ctype": {"DATA": {
          "Type": "integer signed",
          "Width": "32"
        }}
    }
  },
  "RtlPorts": {
    "ap_clk": {
      "dir": "in",
      "width": "1"
    },
    "ap_rst": {
      "dir": "in",
      "width": "1"
    },
    "ap_start": {
      "dir": "in",
      "width": "1"
    },
    "ap_done": {
      "dir": "out",
      "width": "1"
    },
    "ap_idle": {
      "dir": "out",
      "width": "1"
    },
    "ap_ready": {
      "dir": "out",
      "width": "1"
    },
    "in_r_address0": {
      "dir": "out",
      "width": "2"
    },
    "in_r_ce0": {
      "dir": "out",
      "width": "1"
    },
    "in_r_q0": {
      "dir": "in",
      "width": "32"
    },
    "a": {
      "dir": "in",
      "width": "8"
    },
    "b": {
      "dir": "in",
      "width": "8"
    },
    "c": {
      "dir": "in",
      "width": "8"
    },
    "out_r_address0": {
      "dir": "out",
      "width": "2"
    },
    "out_r_ce0": {
      "dir": "out",
      "width": "1"
    },
    "out_r_we0": {
      "dir": "out",
      "width": "1"
    },
    "out_r_d0": {
      "dir": "out",
      "width": "32"
    }
  },
  "CPorts": {
    "ap_ctrl": {
      "interfaceRef": "ap_ctrl",
      "dir": "out"
    },
    "in_r_q0": {
      "interfaceRef": "in_r_q0",
      "dir": "in",
      "dataWidth": "32",
      "busTypeRef": "ap_memory",
      "arraySize": "3",
      "handshakeRef": "ap_none"
    },
    "a": {
      "interfaceRef": "a",
      "dir": "in",
      "dataWidth": "8",
      "handshakeRef": "ap_none"
    },
    "b": {
      "interfaceRef": "b",
      "dir": "in",
      "dataWidth": "8",
      "handshakeRef": "ap_none"
    },
    "c": {
      "interfaceRef": "c",
      "dir": "in",
      "dataWidth": "8",
      "handshakeRef": "ap_none"
    },
    "out_r_d0": {
      "interfaceRef": "out_r_d0",
      "dir": "out",
      "dataWidth": "32",
      "busTypeRef": "ap_memory",
      "arraySize": "3",
      "handshakeRef": "ap_none"
    }
  },
  "ModuleInfo": {
    "Hierarchy": {"ModuleName": "lab1_2"},
    "Metrics": {"lab1_2": {
        "Latency": {
          "LatencyBest": "13",
          "LatencyAvg": "13",
          "LatencyWorst": "13",
          "PipelineII": "14",
          "PipelineDepth": "",
          "PipelineType": "none"
        },
        "Timing": {
          "Target": "10.00",
          "Uncertainty": "0.10",
          "Estimate": "8.470"
        },
        "Loops": [{
            "Name": "Loop 1",
            "TripCount": "3",
            "Latency": "12",
            "PipelineII": "",
            "PipelineDepth": "4"
          }],
        "Area": {
          "DSP48E": "3",
          "FF": "139",
          "LUT": "136",
          "BRAM_18K": "0"
        }
      }}
  },
  "Sdx": {
    "Target": "none",
    "ProfileOption": "0",
    "ProfileType": "none"
  },
  "GenData": {
    "DataVersion": "0.1",
    "Time": "2019-11-26 20:24:24 +0300",
    "ToolName": "vivado_hls",
    "ToolVersion": "2018.2"
  }
}
