<stg><name>lab1_1</name>


<trans_list>
</trans_list>



<state_list>

<state id="1" st_id="1">

<operation id="2" st_id="1" stage="1" lat="1">
<core>NULL</core>
<MemPortIdVec></MemPortIdVec>
<condition id="0">
<or_exp><and_exp></and_exp></or_exp>
</condition>

<Node id="5" bw="0" op_0_bw="0" op_1_bw="8">
<![CDATA[
:0  call void (...)* @_ssdm_op_SpecBitsMap(i8 %a) nounwind, !map !7

]]></Node>
<StgValue><ssdm name=""/></StgValue>
</operation>

<operation id="3" st_id="1" stage="1" lat="1">
<core>NULL</core>
<MemPortIdVec></MemPortIdVec>
<condition id="0">
<or_exp><and_exp></and_exp></or_exp>
</condition>

<Node id="6" bw="0" op_0_bw="0" op_1_bw="8">
<![CDATA[
:1  call void (...)* @_ssdm_op_SpecBitsMap(i8 %b) nounwind, !map !13

]]></Node>
<StgValue><ssdm name=""/></StgValue>
</operation>

<operation id="4" st_id="1" stage="1" lat="1">
<core>NULL</core>
<MemPortIdVec></MemPortIdVec>
<condition id="0">
<or_exp><and_exp></and_exp></or_exp>
</condition>

<Node id="7" bw="0" op_0_bw="0" op_1_bw="8">
<![CDATA[
:2  call void (...)* @_ssdm_op_SpecBitsMap(i8 %c) nounwind, !map !17

]]></Node>
<StgValue><ssdm name=""/></StgValue>
</operation>

<operation id="5" st_id="1" stage="1" lat="1">
<core>NULL</core>
<MemPortIdVec></MemPortIdVec>
<condition id="0">
<or_exp><and_exp></and_exp></or_exp>
</condition>

<Node id="8" bw="0" op_0_bw="0" op_1_bw="8">
<![CDATA[
:3  call void (...)* @_ssdm_op_SpecBitsMap(i8 %d) nounwind, !map !21

]]></Node>
<StgValue><ssdm name=""/></StgValue>
</operation>

<operation id="6" st_id="1" stage="1" lat="1">
<core>NULL</core>
<MemPortIdVec></MemPortIdVec>
<condition id="0">
<or_exp><and_exp></and_exp></or_exp>
</condition>

<Node id="9" bw="0" op_0_bw="0" op_1_bw="32">
<![CDATA[
:4  call void (...)* @_ssdm_op_SpecBitsMap(i32 0) nounwind, !map !25

]]></Node>
<StgValue><ssdm name=""/></StgValue>
</operation>

<operation id="7" st_id="1" stage="1" lat="1">
<core>NULL</core>
<MemPortIdVec></MemPortIdVec>
<condition id="0">
<or_exp><and_exp></and_exp></or_exp>
</condition>

<Node id="10" bw="0" op_0_bw="0" op_1_bw="0">
<![CDATA[
:5  call void (...)* @_ssdm_op_SpecTopModule([7 x i8]* @lab1_1_str) nounwind

]]></Node>
<StgValue><ssdm name=""/></StgValue>
</operation>

<operation id="8" st_id="1" stage="1" lat="1">
<core>NULL</core>
<MemPortIdVec></MemPortIdVec>
<condition id="0">
<or_exp><and_exp></and_exp></or_exp>
</condition>

<Node id="11" bw="8" op_0_bw="8" op_1_bw="8">
<![CDATA[
:6  %d_read = call i8 @_ssdm_op_Read.ap_auto.i8(i8 %d) nounwind

]]></Node>
<StgValue><ssdm name="d_read"/></StgValue>
</operation>

<operation id="9" st_id="1" stage="1" lat="1">
<core>NULL</core>
<MemPortIdVec></MemPortIdVec>
<condition id="0">
<or_exp><and_exp></and_exp></or_exp>
</condition>

<Node id="12" bw="8" op_0_bw="8" op_1_bw="8">
<![CDATA[
:7  %c_read = call i8 @_ssdm_op_Read.ap_auto.i8(i8 %c) nounwind

]]></Node>
<StgValue><ssdm name="c_read"/></StgValue>
</operation>

<operation id="10" st_id="1" stage="1" lat="1">
<core>NULL</core>
<MemPortIdVec></MemPortIdVec>
<condition id="0">
<or_exp><and_exp></and_exp></or_exp>
</condition>

<Node id="13" bw="8" op_0_bw="8" op_1_bw="8">
<![CDATA[
:8  %b_read = call i8 @_ssdm_op_Read.ap_auto.i8(i8 %b) nounwind

]]></Node>
<StgValue><ssdm name="b_read"/></StgValue>
</operation>

<operation id="11" st_id="1" stage="1" lat="1">
<core>NULL</core>
<MemPortIdVec></MemPortIdVec>
<condition id="0">
<or_exp><and_exp></and_exp></or_exp>
</condition>

<Node id="14" bw="8" op_0_bw="8" op_1_bw="8">
<![CDATA[
:9  %a_read = call i8 @_ssdm_op_Read.ap_auto.i8(i8 %a) nounwind

]]></Node>
<StgValue><ssdm name="a_read"/></StgValue>
</operation>

<operation id="12" st_id="1" stage="1" lat="1">
<core>NULL</core>
<MemPortIdVec></MemPortIdVec>
<condition id="0">
<or_exp><and_exp></and_exp></or_exp>
</condition>

<Node id="15" bw="16" op_0_bw="8">
<![CDATA[
:10  %tmp_cast = sext i8 %a_read to i16

]]></Node>
<StgValue><ssdm name="tmp_cast"/></StgValue>
</operation>

<operation id="13" st_id="1" stage="1" lat="1">
<core>NULL</core>
<MemPortIdVec></MemPortIdVec>
<condition id="0">
<or_exp><and_exp></and_exp></or_exp>
</condition>

<Node id="16" bw="16" op_0_bw="8">
<![CDATA[
:11  %tmp_1_cast = sext i8 %b_read to i16

]]></Node>
<StgValue><ssdm name="tmp_1_cast"/></StgValue>
</operation>

<operation id="14" st_id="1" stage="1" lat="1">
<core>DSP48</core>
<MemPortIdVec></MemPortIdVec>
<condition id="0">
<or_exp><and_exp></and_exp></or_exp>
</condition>

<Node id="17" bw="16" op_0_bw="16" op_1_bw="16">
<![CDATA[
:12  %tmp_2 = mul i16 %tmp_1_cast, %tmp_cast

]]></Node>
<StgValue><ssdm name="tmp_2"/></StgValue>
</operation>

<operation id="15" st_id="1" stage="1" lat="1">
<core>NULL</core>
<MemPortIdVec></MemPortIdVec>
<condition id="0">
<or_exp><and_exp></and_exp></or_exp>
</condition>

<Node id="18" bw="9" op_0_bw="8">
<![CDATA[
:13  %tmp_3_cast = sext i8 %c_read to i9

]]></Node>
<StgValue><ssdm name="tmp_3_cast"/></StgValue>
</operation>

<operation id="16" st_id="1" stage="1" lat="1">
<core>NULL</core>
<MemPortIdVec></MemPortIdVec>
<condition id="0">
<or_exp><and_exp></and_exp></or_exp>
</condition>

<Node id="19" bw="9" op_0_bw="8">
<![CDATA[
:14  %tmp_4_cast = sext i8 %d_read to i9

]]></Node>
<StgValue><ssdm name="tmp_4_cast"/></StgValue>
</operation>

<operation id="17" st_id="1" stage="1" lat="1">
<core>AddSub</core>
<MemPortIdVec></MemPortIdVec>
<condition id="0">
<or_exp><and_exp></and_exp></or_exp>
</condition>

<Node id="20" bw="9" op_0_bw="9" op_1_bw="9">
<![CDATA[
:15  %tmp1 = add i9 %tmp_3_cast, %tmp_4_cast

]]></Node>
<StgValue><ssdm name="tmp1"/></StgValue>
</operation>

<operation id="18" st_id="1" stage="1" lat="1">
<core>NULL</core>
<MemPortIdVec></MemPortIdVec>
<condition id="0">
<or_exp><and_exp></and_exp></or_exp>
</condition>

<Node id="21" bw="16" op_0_bw="9">
<![CDATA[
:16  %tmp1_cast = sext i9 %tmp1 to i16

]]></Node>
<StgValue><ssdm name="tmp1_cast"/></StgValue>
</operation>

<operation id="19" st_id="1" stage="1" lat="1">
<core>DSP48</core>
<MemPortIdVec></MemPortIdVec>
<condition id="0">
<or_exp><and_exp></and_exp></or_exp>
</condition>

<Node id="22" bw="16" op_0_bw="16" op_1_bw="16">
<![CDATA[
:17  %y = add i16 %tmp1_cast, %tmp_2

]]></Node>
<StgValue><ssdm name="y"/></StgValue>
</operation>

<operation id="20" st_id="1" stage="1" lat="1">
<core>NULL</core>
<MemPortIdVec></MemPortIdVec>
<condition id="0">
<or_exp><and_exp></and_exp></or_exp>
</condition>

<Node id="23" bw="32" op_0_bw="16">
<![CDATA[
:18  %y_cast = sext i16 %y to i32

]]></Node>
<StgValue><ssdm name="y_cast"/></StgValue>
</operation>

<operation id="21" st_id="1" stage="1" lat="1">
<core>NULL</core>
<MemPortIdVec></MemPortIdVec>
<condition id="0">
<or_exp><and_exp></and_exp></or_exp>
</condition>

<Node id="24" bw="0" op_0_bw="32">
<![CDATA[
:19  ret i32 %y_cast

]]></Node>
<StgValue><ssdm name=""/></StgValue>
</operation>
</state>
</state_list>


<ports>
<port id="22" name="a" dir="0" iftype="0">
<core>NULL</core><StgValue><ssdm name="a"/></StgValue>
</port>
<port id="23" name="b" dir="0" iftype="0">
<core>NULL</core><StgValue><ssdm name="b"/></StgValue>
</port>
<port id="24" name="c" dir="0" iftype="0">
<core>NULL</core><StgValue><ssdm name="c"/></StgValue>
</port>
<port id="25" name="d" dir="0" iftype="0">
<core>NULL</core><StgValue><ssdm name="d"/></StgValue>
</port>
</ports>


<dataflows>
<dataflow id="27" from="_ssdm_op_SpecBitsMap" to="StgValue_2" fromId="26" toId="2">
</dataflow>
<dataflow id="28" from="a" to="StgValue_2" fromId="22" toId="2">
</dataflow>
<dataflow id="29" from="_ssdm_op_SpecBitsMap" to="StgValue_3" fromId="26" toId="3">
</dataflow>
<dataflow id="30" from="b" to="StgValue_3" fromId="23" toId="3">
</dataflow>
<dataflow id="31" from="_ssdm_op_SpecBitsMap" to="StgValue_4" fromId="26" toId="4">
</dataflow>
<dataflow id="32" from="c" to="StgValue_4" fromId="24" toId="4">
</dataflow>
<dataflow id="33" from="_ssdm_op_SpecBitsMap" to="StgValue_5" fromId="26" toId="5">
</dataflow>
<dataflow id="34" from="d" to="StgValue_5" fromId="25" toId="5">
</dataflow>
<dataflow id="35" from="_ssdm_op_SpecBitsMap" to="StgValue_6" fromId="26" toId="6">
</dataflow>
<dataflow id="37" from="StgValue_36" to="StgValue_6" fromId="36" toId="6">
</dataflow>
<dataflow id="39" from="_ssdm_op_SpecTopModule" to="StgValue_7" fromId="38" toId="7">
</dataflow>
<dataflow id="41" from="lab1_1_str" to="StgValue_7" fromId="40" toId="7">
</dataflow>
<dataflow id="43" from="_ssdm_op_Read.ap_auto.i8" to="d_read" fromId="42" toId="8">
</dataflow>
<dataflow id="44" from="d" to="d_read" fromId="25" toId="8">
</dataflow>
<dataflow id="45" from="_ssdm_op_Read.ap_auto.i8" to="c_read" fromId="42" toId="9">
</dataflow>
<dataflow id="46" from="c" to="c_read" fromId="24" toId="9">
</dataflow>
<dataflow id="47" from="_ssdm_op_Read.ap_auto.i8" to="b_read" fromId="42" toId="10">
</dataflow>
<dataflow id="48" from="b" to="b_read" fromId="23" toId="10">
</dataflow>
<dataflow id="49" from="_ssdm_op_Read.ap_auto.i8" to="a_read" fromId="42" toId="11">
</dataflow>
<dataflow id="50" from="a" to="a_read" fromId="22" toId="11">
</dataflow>
<dataflow id="51" from="a_read" to="tmp_cast" fromId="11" toId="12">
</dataflow>
<dataflow id="52" from="b_read" to="tmp_1_cast" fromId="10" toId="13">
</dataflow>
<dataflow id="53" from="tmp_1_cast" to="tmp_2" fromId="13" toId="14">
</dataflow>
<dataflow id="54" from="tmp_cast" to="tmp_2" fromId="12" toId="14">
</dataflow>
<dataflow id="55" from="c_read" to="tmp_3_cast" fromId="9" toId="15">
</dataflow>
<dataflow id="56" from="d_read" to="tmp_4_cast" fromId="8" toId="16">
</dataflow>
<dataflow id="57" from="tmp_3_cast" to="tmp1" fromId="15" toId="17">
</dataflow>
<dataflow id="58" from="tmp_4_cast" to="tmp1" fromId="16" toId="17">
</dataflow>
<dataflow id="59" from="tmp1" to="tmp1_cast" fromId="17" toId="18">
</dataflow>
<dataflow id="60" from="tmp1_cast" to="y" fromId="18" toId="19">
</dataflow>
<dataflow id="61" from="tmp_2" to="y" fromId="14" toId="19">
</dataflow>
<dataflow id="62" from="y" to="y_cast" fromId="19" toId="20">
</dataflow>
<dataflow id="63" from="y_cast" to="StgValue_21" fromId="20" toId="21">
</dataflow>
</dataflows>


</stg>
