<stg><name>lab1_2</name>


<trans_list>

<trans id="36" from="1" to="2">
<condition id="10">
<or_exp><and_exp></and_exp></or_exp>
</condition>
</trans>

<trans id="37" from="2" to="3">
<condition id="11">
<or_exp><and_exp><literal name="exitcond" val="0"/>
</and_exp></or_exp>
</condition>
</trans>

<trans id="39" from="3" to="4">
<condition id="13">
<or_exp><and_exp></and_exp></or_exp>
</condition>
</trans>

<trans id="40" from="4" to="5">
<condition id="14">
<or_exp><and_exp></and_exp></or_exp>
</condition>
</trans>

<trans id="41" from="5" to="2">
<condition id="16">
<or_exp><and_exp></and_exp></or_exp>
</condition>
</trans>
</trans_list>



<state_list>

<state id="1" st_id="1">

<operation id="6" st_id="1" stage="1" lat="1">
<core>NULL</core>
<MemPortIdVec></MemPortIdVec>
<condition id="0">
<or_exp><and_exp></and_exp></or_exp>
</condition>

<Node id="6" bw="0" op_0_bw="0" op_1_bw="32">
<![CDATA[
:0  call void (...)* @_ssdm_op_SpecBitsMap([3 x i32]* %in_r) nounwind, !map !7

]]></Node>
<StgValue><ssdm name=""/></StgValue>
</operation>

<operation id="7" st_id="1" stage="1" lat="1">
<core>NULL</core>
<MemPortIdVec></MemPortIdVec>
<condition id="0">
<or_exp><and_exp></and_exp></or_exp>
</condition>

<Node id="7" bw="0" op_0_bw="0" op_1_bw="8">
<![CDATA[
:1  call void (...)* @_ssdm_op_SpecBitsMap(i8 %a) nounwind, !map !13

]]></Node>
<StgValue><ssdm name=""/></StgValue>
</operation>

<operation id="8" st_id="1" stage="1" lat="1">
<core>NULL</core>
<MemPortIdVec></MemPortIdVec>
<condition id="0">
<or_exp><and_exp></and_exp></or_exp>
</condition>

<Node id="8" bw="0" op_0_bw="0" op_1_bw="8">
<![CDATA[
:2  call void (...)* @_ssdm_op_SpecBitsMap(i8 %b) nounwind, !map !19

]]></Node>
<StgValue><ssdm name=""/></StgValue>
</operation>

<operation id="9" st_id="1" stage="1" lat="1">
<core>NULL</core>
<MemPortIdVec></MemPortIdVec>
<condition id="0">
<or_exp><and_exp></and_exp></or_exp>
</condition>

<Node id="9" bw="0" op_0_bw="0" op_1_bw="8">
<![CDATA[
:3  call void (...)* @_ssdm_op_SpecBitsMap(i8 %c) nounwind, !map !23

]]></Node>
<StgValue><ssdm name=""/></StgValue>
</operation>

<operation id="10" st_id="1" stage="1" lat="1">
<core>NULL</core>
<MemPortIdVec></MemPortIdVec>
<condition id="0">
<or_exp><and_exp></and_exp></or_exp>
</condition>

<Node id="10" bw="0" op_0_bw="0" op_1_bw="32">
<![CDATA[
:4  call void (...)* @_ssdm_op_SpecBitsMap([3 x i32]* %out_r) nounwind, !map !27

]]></Node>
<StgValue><ssdm name=""/></StgValue>
</operation>

<operation id="11" st_id="1" stage="1" lat="1">
<core>NULL</core>
<MemPortIdVec></MemPortIdVec>
<condition id="0">
<or_exp><and_exp></and_exp></or_exp>
</condition>

<Node id="11" bw="0" op_0_bw="0" op_1_bw="0">
<![CDATA[
:5  call void (...)* @_ssdm_op_SpecTopModule([7 x i8]* @lab1_2_str) nounwind

]]></Node>
<StgValue><ssdm name=""/></StgValue>
</operation>

<operation id="12" st_id="1" stage="1" lat="1">
<core>NULL</core>
<MemPortIdVec></MemPortIdVec>
<condition id="0">
<or_exp><and_exp></and_exp></or_exp>
</condition>

<Node id="12" bw="8" op_0_bw="8" op_1_bw="8">
<![CDATA[
:6  %c_read = call i8 @_ssdm_op_Read.ap_auto.i8(i8 %c) nounwind

]]></Node>
<StgValue><ssdm name="c_read"/></StgValue>
</operation>

<operation id="13" st_id="1" stage="1" lat="1">
<core>NULL</core>
<MemPortIdVec></MemPortIdVec>
<condition id="0">
<or_exp><and_exp></and_exp></or_exp>
</condition>

<Node id="13" bw="8" op_0_bw="8" op_1_bw="8">
<![CDATA[
:7  %b_read = call i8 @_ssdm_op_Read.ap_auto.i8(i8 %b) nounwind

]]></Node>
<StgValue><ssdm name="b_read"/></StgValue>
</operation>

<operation id="14" st_id="1" stage="1" lat="1">
<core>NULL</core>
<MemPortIdVec></MemPortIdVec>
<condition id="0">
<or_exp><and_exp></and_exp></or_exp>
</condition>

<Node id="14" bw="8" op_0_bw="8" op_1_bw="8">
<![CDATA[
:8  %a_read = call i8 @_ssdm_op_Read.ap_auto.i8(i8 %a) nounwind

]]></Node>
<StgValue><ssdm name="a_read"/></StgValue>
</operation>

<operation id="15" st_id="1" stage="1" lat="1">
<core>NULL</core>
<MemPortIdVec></MemPortIdVec>
<condition id="0">
<or_exp><and_exp></and_exp></or_exp>
</condition>

<Node id="15" bw="32" op_0_bw="8">
<![CDATA[
:9  %tmp = sext i8 %a_read to i32

]]></Node>
<StgValue><ssdm name="tmp"/></StgValue>
</operation>

<operation id="16" st_id="1" stage="1" lat="1">
<core>NULL</core>
<MemPortIdVec></MemPortIdVec>
<condition id="0">
<or_exp><and_exp></and_exp></or_exp>
</condition>

<Node id="16" bw="9" op_0_bw="8">
<![CDATA[
:10  %tmp_1_cast = sext i8 %b_read to i9

]]></Node>
<StgValue><ssdm name="tmp_1_cast"/></StgValue>
</operation>

<operation id="17" st_id="1" stage="1" lat="1">
<core>NULL</core>
<MemPortIdVec></MemPortIdVec>
<condition id="0">
<or_exp><and_exp></and_exp></or_exp>
</condition>

<Node id="17" bw="9" op_0_bw="8">
<![CDATA[
:11  %tmp_2_cast = sext i8 %c_read to i9

]]></Node>
<StgValue><ssdm name="tmp_2_cast"/></StgValue>
</operation>

<operation id="18" st_id="1" stage="1" lat="1">
<core>AddSub</core>
<MemPortIdVec></MemPortIdVec>
<condition id="0">
<or_exp><and_exp></and_exp></or_exp>
</condition>

<Node id="18" bw="9" op_0_bw="9" op_1_bw="9">
<![CDATA[
:12  %tmp1 = add i9 %tmp_1_cast, %tmp_2_cast

]]></Node>
<StgValue><ssdm name="tmp1"/></StgValue>
</operation>

<operation id="19" st_id="1" stage="1" lat="1">
<core>NULL</core>
<MemPortIdVec></MemPortIdVec>
<condition id="0">
<or_exp><and_exp></and_exp></or_exp>
</condition>

<Node id="19" bw="32" op_0_bw="9">
<![CDATA[
:13  %tmp1_cast = sext i9 %tmp1 to i32

]]></Node>
<StgValue><ssdm name="tmp1_cast"/></StgValue>
</operation>

<operation id="20" st_id="1" stage="1" lat="1">
<core>NULL</core>
<MemPortIdVec></MemPortIdVec>
<condition id="0">
<or_exp><and_exp></and_exp></or_exp>
</condition>

<Node id="20" bw="0" op_0_bw="0">
<![CDATA[
:14  br label %1

]]></Node>
<StgValue><ssdm name=""/></StgValue>
</operation>
</state>

<state id="2" st_id="2">

<operation id="21" st_id="2" stage="1" lat="1">
<core>NULL</core>
<MemPortIdVec></MemPortIdVec>
<condition id="1">
<or_exp><and_exp></and_exp></or_exp>
</condition>

<Node id="22" bw="2" op_0_bw="2" op_1_bw="0">
<![CDATA[
:0  %i = phi i2 [ 0, %0 ], [ %i_1, %2 ]

]]></Node>
<StgValue><ssdm name="i"/></StgValue>
</operation>

<operation id="22" st_id="2" stage="1" lat="1">
<core>Cmp</core>
<MemPortIdVec></MemPortIdVec>
<condition id="1">
<or_exp><and_exp></and_exp></or_exp>
</condition>

<Node id="23" bw="1" op_0_bw="2" op_1_bw="2">
<![CDATA[
:1  %exitcond = icmp eq i2 %i, -1

]]></Node>
<StgValue><ssdm name="exitcond"/></StgValue>
</operation>

<operation id="23" st_id="2" stage="1" lat="1">
<core>NULL</core>
<MemPortIdVec></MemPortIdVec>
<condition id="1">
<or_exp><and_exp></and_exp></or_exp>
</condition>

<Node id="24" bw="32" op_0_bw="32" op_1_bw="64" op_2_bw="64" op_3_bw="64">
<![CDATA[
:2  %empty = call i32 (...)* @_ssdm_op_SpecLoopTripCount(i64 3, i64 3, i64 3) nounwind

]]></Node>
<StgValue><ssdm name="empty"/></StgValue>
</operation>

<operation id="24" st_id="2" stage="1" lat="1">
<core>AddSub</core>
<MemPortIdVec></MemPortIdVec>
<condition id="1">
<or_exp><and_exp></and_exp></or_exp>
</condition>

<Node id="25" bw="2" op_0_bw="2" op_1_bw="2">
<![CDATA[
:3  %i_1 = add i2 %i, 1

]]></Node>
<StgValue><ssdm name="i_1"/></StgValue>
</operation>

<operation id="25" st_id="2" stage="1" lat="1">
<core>NULL</core>
<MemPortIdVec></MemPortIdVec>
<condition id="1">
<or_exp><and_exp></and_exp></or_exp>
</condition>

<Node id="26" bw="0" op_0_bw="1" op_1_bw="0" op_2_bw="0">
<![CDATA[
:4  br i1 %exitcond, label %3, label %2

]]></Node>
<StgValue><ssdm name=""/></StgValue>
</operation>

<operation id="26" st_id="2" stage="1" lat="1">
<core>NULL</core>
<MemPortIdVec></MemPortIdVec>
<condition id="3">
<or_exp><and_exp><literal name="exitcond" val="0"/>
</and_exp></or_exp>
</condition>

<Node id="28" bw="64" op_0_bw="2">
<![CDATA[
:0  %tmp_3 = zext i2 %i to i64

]]></Node>
<StgValue><ssdm name="tmp_3"/></StgValue>
</operation>

<operation id="27" st_id="2" stage="1" lat="1">
<core>NULL</core>
<MemPortIdVec></MemPortIdVec>
<condition id="3">
<or_exp><and_exp><literal name="exitcond" val="0"/>
</and_exp></or_exp>
</condition>

<Node id="29" bw="2" op_0_bw="32" op_1_bw="64" op_2_bw="64">
<![CDATA[
:1  %in_addr = getelementptr [3 x i32]* %in_r, i64 0, i64 %tmp_3

]]></Node>
<StgValue><ssdm name="in_addr"/></StgValue>
</operation>

<operation id="28" st_id="2" stage="2" lat="2">
<core>RAM</core>
<MemPortIdVec>0 </MemPortIdVec>
<condition id="3">
<or_exp><and_exp><literal name="exitcond" val="0"/>
</and_exp></or_exp>
</condition>

<Node id="30" bw="32" op_0_bw="2">
<![CDATA[
:2  %x = load i32* %in_addr, align 4

]]></Node>
<StgValue><ssdm name="x"/></StgValue>
</operation>

<operation id="29" st_id="2" stage="1" lat="1">
<core>NULL</core>
<MemPortIdVec></MemPortIdVec>
<condition id="5">
<or_exp><and_exp><literal name="exitcond" val="1"/>
</and_exp></or_exp>
</condition>

<Node id="37" bw="0">
<![CDATA[
:0  ret void

]]></Node>
<StgValue><ssdm name=""/></StgValue>
</operation>
</state>

<state id="3" st_id="3">

<operation id="30" st_id="3" stage="1" lat="2">
<core>RAM</core>
<MemPortIdVec>0 </MemPortIdVec>
<condition id="6">
<or_exp><and_exp></and_exp></or_exp>
</condition>

<Node id="30" bw="32" op_0_bw="2">
<![CDATA[
:2  %x = load i32* %in_addr, align 4

]]></Node>
<StgValue><ssdm name="x"/></StgValue>
</operation>
</state>

<state id="4" st_id="4">

<operation id="31" st_id="4" stage="1" lat="1">
<core>Mul</core>
<MemPortIdVec></MemPortIdVec>
<condition id="7">
<or_exp><and_exp></and_exp></or_exp>
</condition>

<Node id="31" bw="32" op_0_bw="32" op_1_bw="32">
<![CDATA[
:3  %tmp_4 = mul nsw i32 %x, %tmp

]]></Node>
<StgValue><ssdm name="tmp_4"/></StgValue>
</operation>
</state>

<state id="5" st_id="5">

<operation id="32" st_id="5" stage="1" lat="1">
<core>AddSub</core>
<MemPortIdVec></MemPortIdVec>
<condition id="8">
<or_exp><and_exp></and_exp></or_exp>
</condition>

<Node id="32" bw="32" op_0_bw="32" op_1_bw="32">
<![CDATA[
:4  %y = add i32 %tmp1_cast, %tmp_4

]]></Node>
<StgValue><ssdm name="y"/></StgValue>
</operation>

<operation id="33" st_id="5" stage="1" lat="1">
<core>NULL</core>
<MemPortIdVec></MemPortIdVec>
<condition id="8">
<or_exp><and_exp></and_exp></or_exp>
</condition>

<Node id="33" bw="2" op_0_bw="32" op_1_bw="64" op_2_bw="64">
<![CDATA[
:5  %out_addr = getelementptr [3 x i32]* %out_r, i64 0, i64 %tmp_3

]]></Node>
<StgValue><ssdm name="out_addr"/></StgValue>
</operation>

<operation id="34" st_id="5" stage="1" lat="1">
<core>RAM</core>
<MemPortIdVec>0 </MemPortIdVec>
<condition id="8">
<or_exp><and_exp></and_exp></or_exp>
</condition>

<Node id="34" bw="0" op_0_bw="32" op_1_bw="2">
<![CDATA[
:6  store i32 %y, i32* %out_addr, align 4

]]></Node>
<StgValue><ssdm name=""/></StgValue>
</operation>

<operation id="35" st_id="5" stage="1" lat="1">
<core>NULL</core>
<MemPortIdVec></MemPortIdVec>
<condition id="8">
<or_exp><and_exp></and_exp></or_exp>
</condition>

<Node id="35" bw="0" op_0_bw="0">
<![CDATA[
:7  br label %1

]]></Node>
<StgValue><ssdm name=""/></StgValue>
</operation>
</state>
</state_list>


<ports>
<port id="42" name="in_r" dir="0" iftype="1">
<core>RAM</core><StgValue><ssdm name="in_r"/><MemPortTyVec>1 3 </MemPortTyVec>
</StgValue>
</port>
<port id="43" name="a" dir="0" iftype="0">
<core>NULL</core><StgValue><ssdm name="a"/></StgValue>
</port>
<port id="44" name="b" dir="0" iftype="0">
<core>NULL</core><StgValue><ssdm name="b"/></StgValue>
</port>
<port id="45" name="c" dir="0" iftype="0">
<core>NULL</core><StgValue><ssdm name="c"/></StgValue>
</port>
<port id="46" name="out_r" dir="1" iftype="1">
<core>RAM</core><StgValue><ssdm name="out_r"/><MemPortTyVec>0 3 </MemPortTyVec>
</StgValue>
</port>
</ports>


<dataflows>
<dataflow id="48" from="_ssdm_op_SpecBitsMap" to="StgValue_6" fromId="47" toId="6">
</dataflow>
<dataflow id="49" from="in_r" to="StgValue_6" fromId="42" toId="6">
</dataflow>
<dataflow id="50" from="_ssdm_op_SpecBitsMap" to="StgValue_7" fromId="47" toId="7">
</dataflow>
<dataflow id="51" from="a" to="StgValue_7" fromId="43" toId="7">
</dataflow>
<dataflow id="52" from="_ssdm_op_SpecBitsMap" to="StgValue_8" fromId="47" toId="8">
</dataflow>
<dataflow id="53" from="b" to="StgValue_8" fromId="44" toId="8">
</dataflow>
<dataflow id="54" from="_ssdm_op_SpecBitsMap" to="StgValue_9" fromId="47" toId="9">
</dataflow>
<dataflow id="55" from="c" to="StgValue_9" fromId="45" toId="9">
</dataflow>
<dataflow id="56" from="_ssdm_op_SpecBitsMap" to="StgValue_10" fromId="47" toId="10">
</dataflow>
<dataflow id="57" from="out_r" to="StgValue_10" fromId="46" toId="10">
</dataflow>
<dataflow id="59" from="_ssdm_op_SpecTopModule" to="StgValue_11" fromId="58" toId="11">
</dataflow>
<dataflow id="61" from="lab1_2_str" to="StgValue_11" fromId="60" toId="11">
</dataflow>
<dataflow id="63" from="_ssdm_op_Read.ap_auto.i8" to="c_read" fromId="62" toId="12">
</dataflow>
<dataflow id="64" from="c" to="c_read" fromId="45" toId="12">
</dataflow>
<dataflow id="65" from="_ssdm_op_Read.ap_auto.i8" to="b_read" fromId="62" toId="13">
</dataflow>
<dataflow id="66" from="b" to="b_read" fromId="44" toId="13">
</dataflow>
<dataflow id="67" from="_ssdm_op_Read.ap_auto.i8" to="a_read" fromId="62" toId="14">
</dataflow>
<dataflow id="68" from="a" to="a_read" fromId="43" toId="14">
</dataflow>
<dataflow id="69" from="a_read" to="tmp" fromId="14" toId="15">
</dataflow>
<dataflow id="70" from="b_read" to="tmp_1_cast" fromId="13" toId="16">
</dataflow>
<dataflow id="71" from="c_read" to="tmp_2_cast" fromId="12" toId="17">
</dataflow>
<dataflow id="72" from="tmp_1_cast" to="tmp1" fromId="16" toId="18">
</dataflow>
<dataflow id="73" from="tmp_2_cast" to="tmp1" fromId="17" toId="18">
</dataflow>
<dataflow id="74" from="tmp1" to="tmp1_cast" fromId="18" toId="19">
</dataflow>
<dataflow id="76" from="StgValue_75" to="i" fromId="75" toId="21">
<condition id="22">
<or_exp><and_exp></and_exp></or_exp>
</condition>
</dataflow>
<dataflow id="77" from="StgValue_20" to="i" fromId="20" toId="21">
</dataflow>
<dataflow id="78" from="i_1" to="i" fromId="24" toId="21">
<BackEdge/>
<condition id="23">
<or_exp><and_exp></and_exp></or_exp>
</condition>
</dataflow>
<dataflow id="79" from="StgValue_35" to="i" fromId="35" toId="21">
<BackEdge/>
</dataflow>
<dataflow id="80" from="i" to="exitcond" fromId="21" toId="22">
</dataflow>
<dataflow id="82" from="StgValue_81" to="exitcond" fromId="81" toId="22">
</dataflow>
<dataflow id="84" from="_ssdm_op_SpecLoopTripCount" to="empty" fromId="83" toId="23">
</dataflow>
<dataflow id="86" from="StgValue_85" to="empty" fromId="85" toId="23">
</dataflow>
<dataflow id="87" from="StgValue_85" to="empty" fromId="85" toId="23">
</dataflow>
<dataflow id="88" from="StgValue_85" to="empty" fromId="85" toId="23">
</dataflow>
<dataflow id="89" from="i" to="i_1" fromId="21" toId="24">
</dataflow>
<dataflow id="91" from="StgValue_90" to="i_1" fromId="90" toId="24">
</dataflow>
<dataflow id="92" from="exitcond" to="StgValue_25" fromId="22" toId="25">
</dataflow>
<dataflow id="93" from="i" to="tmp_3" fromId="21" toId="26">
</dataflow>
<dataflow id="94" from="in_r" to="in_addr" fromId="42" toId="27">
</dataflow>
<dataflow id="96" from="StgValue_95" to="in_addr" fromId="95" toId="27">
</dataflow>
<dataflow id="97" from="tmp_3" to="in_addr" fromId="26" toId="27">
</dataflow>
<dataflow id="98" from="in_addr" to="x" fromId="27" toId="28">
</dataflow>
<dataflow id="99" from="in_addr" to="x" fromId="27" toId="30">
</dataflow>
<dataflow id="100" from="x" to="tmp_4" fromId="30" toId="31">
</dataflow>
<dataflow id="101" from="tmp" to="tmp_4" fromId="15" toId="31">
</dataflow>
<dataflow id="102" from="tmp1_cast" to="y" fromId="19" toId="32">
</dataflow>
<dataflow id="103" from="tmp_4" to="y" fromId="31" toId="32">
</dataflow>
<dataflow id="104" from="out_r" to="out_addr" fromId="46" toId="33">
</dataflow>
<dataflow id="105" from="StgValue_95" to="out_addr" fromId="95" toId="33">
</dataflow>
<dataflow id="106" from="tmp_3" to="out_addr" fromId="26" toId="33">
</dataflow>
<dataflow id="107" from="y" to="StgValue_34" fromId="32" toId="34">
</dataflow>
<dataflow id="108" from="out_addr" to="StgValue_34" fromId="33" toId="34">
</dataflow>
<dataflow id="109" from="exitcond" to="StgValue_2" fromId="22" toId="2">
</dataflow>
</dataflows>


</stg>
